"StateName","state_id","DistrictName","DISTRICT_ID","TotalManufacturingUnit","TotalServiceUnit","_CreatedDate"
"ANDHRA PRADESH","28","ANANTHAPUR","520","11367","9826","2022-02-11T08:37:09.887"
"ANDHRA PRADESH","28","CHITOOR","511","8146","19524","2022-02-11T08:37:09.887"
"ANDHRA PRADESH","28","EAST GODAVARI","512","12659","13885","2022-02-11T08:37:09.887"
"ANDHRA PRADESH","28","GUNTUR","509","10626","14853","2022-02-11T08:37:09.887"
"ANDHRA PRADESH","28","KRISHNA","517","9686","13545","2022-02-11T08:37:09.887"
"ANDHRA PRADESH","28","KURNOOL","506","5610","9739","2022-02-11T08:37:09.887"
"ANDHRA PRADESH","28","PRAKASAM","510","12251","32919","2022-02-11T08:37:09.887"
"ANDHRA PRADESH","28","SPSR NELLORE","518","5501","48558","2022-02-11T08:37:09.887"
"ANDHRA PRADESH","28","SRIKAKULAM","522","7092","3802","2022-02-11T08:37:09.887"
"ANDHRA PRADESH","28","VISAKHAPATNAM","519","11642","17428","2022-02-11T08:37:09.887"
"ANDHRA PRADESH","28","VIZIANAGARAM","513","17355","12831","2022-02-11T08:37:09.887"
"ANDHRA PRADESH","28","WEST GODAVARI","505","14978","18561","2022-02-11T08:37:09.887"
"ANDHRA PRADESH","28","Y.S.R","503","4121","33379","2022-02-11T08:37:09.887"
"ARUNACHAL PRADESH","12","ANJAW","628","5","11","2022-02-11T08:37:11.890"
"ARUNACHAL PRADESH","12","CHANGLANG","269","134","36","2022-02-11T08:37:11.890"
"ARUNACHAL PRADESH","12","DIBANG VALLEY","267","7","11","2022-02-11T08:37:11.890"
"ARUNACHAL PRADESH","12","EAST KAMENG","260","9","16","2022-02-11T08:37:11.890"
"ARUNACHAL PRADESH","12","EAST SIANG","265","83","47","2022-02-11T08:37:11.890"
"ARUNACHAL PRADESH","12","KRA DAADI","722","0","1","2022-02-11T08:37:11.890"
"ARUNACHAL PRADESH","12","KURUNG KUMEY","631","11","11","2022-02-11T08:37:11.890"
"ARUNACHAL PRADESH","12","LOHIT","268","83","53","2022-02-11T08:37:11.890"
"ARUNACHAL PRADESH","12","LONGDING","630","17","3","2022-02-11T08:37:11.890"
"ARUNACHAL PRADESH","12","LOWER DIBANG VALLEY","629","30","52","2022-02-11T08:37:11.890"
"ARUNACHAL PRADESH","12","LOWER SUBANSIRI","262","74","65","2022-02-11T08:37:11.890"
"ARUNACHAL PRADESH","12","PAPUM PARE","261","415","418","2022-02-11T08:37:11.890"
"ARUNACHAL PRADESH","12","TAWANG","258","7","13","2022-02-11T08:37:11.890"
"ARUNACHAL PRADESH","12","TIRAP","270","6","8","2022-02-11T08:37:11.890"
"ARUNACHAL PRADESH","12","UPPER SIANG","266","4","10","2022-02-11T08:37:11.890"
"ARUNACHAL PRADESH","12","UPPER SUBANSIRI","263","65","43","2022-02-11T08:37:11.890"
"ARUNACHAL PRADESH","12","WEST KAMENG","259","30","45","2022-02-11T08:37:11.890"
"ARUNACHAL PRADESH","12","WEST SIANG","264","113","46","2022-02-11T08:37:11.890"
"ASSAM","18","BAKSA","651","242","143","2022-02-11T08:37:12.063"
"ASSAM","18","BARPETA","311","851","465","2022-02-11T08:37:12.063"
"ASSAM","18","Biswanath","725","26","47","2022-02-11T08:37:12.063"
"ASSAM","18","BONGAIGAON","310","280","240","2022-02-11T08:37:12.063"
"ASSAM","18","CACHAR","327","517","570","2022-02-11T08:37:12.063"
"ASSAM","18","CHIRANG","652","333","123","2022-02-11T08:37:12.063"
"ASSAM","18","DARRANG","314","574","224","2022-02-11T08:37:12.063"
"ASSAM","18","DHEMAJI","653","266","326","2022-02-11T08:37:12.063"
"ASSAM","18","DHUBRI","308","511","321","2022-02-11T08:37:12.063"
"ASSAM","18","DIBRUGARH","321","450","848","2022-02-11T08:37:12.063"
"ASSAM","18","DIMA HASAO","654","55","28","2022-02-11T08:37:12.063"
"ASSAM","18","GOALPARA","309","265","248","2022-02-11T08:37:12.063"
"ASSAM","18","GOLAGHAT","324","404","607","2022-02-11T08:37:12.063"
"ASSAM","18","HAILAKANDI","329","143","152","2022-02-11T08:37:12.063"
"ASSAM","18","HOJAI","727","0","1","2022-02-11T08:37:12.063"
"ASSAM","18","JORHAT","323","331","322","2022-02-11T08:37:12.063"
"ASSAM","18","KAMRUP","312","1221","946","2022-02-11T08:37:12.063"
"ASSAM","18","KAMRUP METRO","319","2688","3036","2022-02-11T08:37:12.063"
"ASSAM","18","KARBI-ANGELONG","325","218","206","2022-02-11T08:37:12.063"
"ASSAM","18","KARIMGANJ","328","154","308","2022-02-11T08:37:12.063"
"ASSAM","18","KOKRAJHAR","307","270","170","2022-02-11T08:37:12.063"
"ASSAM","18","LAKHIMPUR","318","422","343","2022-02-11T08:37:12.063"
"ASSAM","18","MAJULI","728","3","6","2022-02-11T08:37:12.063"
"ASSAM","18","MARIGAON","315","299","170","2022-02-11T08:37:12.063"
"ASSAM","18","NAGAON","316","1744","881","2022-02-11T08:37:12.063"
"ASSAM","18","NALBARI","313","539","167","2022-02-11T08:37:12.063"
"ASSAM","18","SIVASAGAR","322","360","429","2022-02-11T08:37:12.063"
"ASSAM","18","SONITPUR","317","738","609","2022-02-11T08:37:12.063"
"ASSAM","18","TINSUKIA","320","608","607","2022-02-11T08:37:12.063"
"ASSAM","18","UDALGURI","326","274","167","2022-02-11T08:37:12.063"
"ASSAM","18","WEST KARBI ANGLONG","730","0","1","2022-02-11T08:37:12.063"
"BIHAR","10","ARARIA","223","9051","38619","2022-02-11T08:37:12.390"
"BIHAR","10","ARWAL","613","912","1921","2022-02-11T08:37:12.390"
"BIHAR","10","AURANGABAD","250","5311","3707","2022-02-11T08:37:12.390"
"BIHAR","10","BANKA","239","19005","9804","2022-02-11T08:37:12.390"
"BIHAR","10","BEGUSARAI","236","8903","22466","2022-02-11T08:37:12.390"
"BIHAR","10","BHAGALPUR","238","11359","16183","2022-02-11T08:37:12.390"
"BIHAR","10","BHOJPUR","245","6372","4400","2022-02-11T08:37:12.390"
"BIHAR","10","BUXAR","246","5581","3749","2022-02-11T08:37:12.390"
"BIHAR","10","DARBHANGA","229","5738","33005","2022-02-11T08:37:12.390"
"BIHAR","10","GAYA","251","8292","14849","2022-02-11T08:37:12.390"
"BIHAR","10","GOPALGANJ","231","3458","6859","2022-02-11T08:37:12.390"
"BIHAR","10","JAMUI","253","9277","7453","2022-02-11T08:37:12.390"
"BIHAR","10","JEHANABAD","249","1725","2471","2022-02-11T08:37:12.390"
"BIHAR","10","KAIMUR (BHABUA)","247","3859","3853","2022-02-11T08:37:12.390"
"BIHAR","10","KATIHAR","226","8789","12131","2022-02-11T08:37:12.390"
"BIHAR","10","KHAGARIA","237","3287","10154","2022-02-11T08:37:12.390"
"BIHAR","10","KISHANGANJ","224","2930","12196","2022-02-11T08:37:12.390"
"BIHAR","10","LAKHISARAI","241","9327","6095","2022-02-11T08:37:12.390"
"BIHAR","10","MADHEPURA","227","2581","6212","2022-02-11T08:37:12.390"
"BIHAR","10","MADHUBANI","221","18648","19784","2022-02-11T08:37:12.390"
"BIHAR","10","MUNGER","240","4359","6145","2022-02-11T08:37:12.390"
"BIHAR","10","MUZAFFARPUR","230","16498","55988","2022-02-11T08:37:12.390"
"BIHAR","10","NALANDA","243","9799","15120","2022-02-11T08:37:12.390"
"BIHAR","10","NAWADA","252","7530","5137","2022-02-11T08:37:12.390"
"BIHAR","10","PASHCHIM  CHAMPARAN","217","18776","36628","2022-02-11T08:37:12.390"
"BIHAR","10","PATNA","244","23233","45972","2022-02-11T08:37:12.390"
"BIHAR","10","PURBI  CHAMPARAN","218","15232","34675","2022-02-11T08:37:12.390"
"BIHAR","10","PURNIA","225","8068","21161","2022-02-11T08:37:12.390"
"BIHAR","10","ROHTAS","248","14187","15802","2022-02-11T08:37:12.390"
"BIHAR","10","SAHARSA","228","4234","14518","2022-02-11T08:37:12.390"
"BIHAR","10","SAMASTIPUR","235","13266","30402","2022-02-11T08:37:12.390"
"BIHAR","10","SARAN","233","11312","15213","2022-02-11T08:37:12.390"
"BIHAR","10","SHEIKHPURA","242","4168","2206","2022-02-11T08:37:12.390"
"BIHAR","10","SHEOHAR","219","1167","4670","2022-02-11T08:37:12.390"
"BIHAR","10","SITAMARHI","220","7089","32977","2022-02-11T08:37:12.390"
"BIHAR","10","SIWAN","232","2928","5850","2022-02-11T08:37:12.390"
"BIHAR","10","SUPAUL","222","3577","10423","2022-02-11T08:37:12.390"
"BIHAR","10","VAISHALI","234","9991","29831","2022-02-11T08:37:12.390"
"CHHATTISGARH","22","BALOD","673","560","2615","2022-02-11T08:37:17.093"
"CHHATTISGARH","22","BALOD BAZAR","674","797","3328","2022-02-11T08:37:17.093"
"CHHATTISGARH","22","BALRAMPUR","677","212","383","2022-02-11T08:37:17.093"
"CHHATTISGARH","22","BASTAR","380","576","910","2022-02-11T08:37:17.093"
"CHHATTISGARH","22","BEMETARA","675","304","1292","2022-02-11T08:37:17.093"
"CHHATTISGARH","22","BIJAPUR","676","31","30","2022-02-11T08:37:17.093"
"CHHATTISGARH","22","BILASPUR","372","2293","5961","2022-02-11T08:37:17.093"
"CHHATTISGARH","22","DANTEWADA","381","89","247","2022-02-11T08:37:17.093"
"CHHATTISGARH","22","DHAMTARI","378","1263","1581","2022-02-11T08:37:17.093"
"CHHATTISGARH","22","DURG","375","2936","7660","2022-02-11T08:37:17.093"
"CHHATTISGARH","22","GARIABAND","681","328","920","2022-02-11T08:37:17.093"
"CHHATTISGARH","22","JANJGIR-CHAMPA","371","1143","2752","2022-02-11T08:37:17.093"
"CHHATTISGARH","22","JASHPUR","368","209","346","2022-02-11T08:37:17.093"
"CHHATTISGARH","22","KABIRDHAM","373","396","954","2022-02-11T08:37:17.093"
"CHHATTISGARH","22","KANKER","379","315","805","2022-02-11T08:37:17.093"
"CHHATTISGARH","22","KONDAGAON","678","227","574","2022-02-11T08:37:17.093"
"CHHATTISGARH","22","KORBA","370","835","2321","2022-02-11T08:37:17.093"
"CHHATTISGARH","22","KOREA","366","364","781","2022-02-11T08:37:17.093"
"CHHATTISGARH","22","MAHASAMUND","377","662","1538","2022-02-11T08:37:17.093"
"CHHATTISGARH","22","MUNGELI","679","285","553","2022-02-11T08:37:17.093"
"CHHATTISGARH","22","NARAYANPUR","680","55","37","2022-02-11T08:37:17.093"
"CHHATTISGARH","22","RAIGARH","369","944","2448","2022-02-11T08:37:17.093"
"CHHATTISGARH","22","RAIPUR","376","5296","12997","2022-02-11T08:37:17.093"
"CHHATTISGARH","22","RAJNANDAGAON","374","1012","3204","2022-02-11T08:37:17.093"
"CHHATTISGARH","22","SUKMA","682","47","20","2022-02-11T08:37:17.093"
"CHHATTISGARH","22","SURAJPUR","683","284","649","2022-02-11T08:37:17.093"
"CHHATTISGARH","22","SURGUJA","367","798","911","2022-02-11T08:37:17.093"
"GOA","30","NORTH GOA","551","2256","3692","2022-02-11T08:37:17.690"
"GOA","30","SOUTH GOA","552","1646","2681","2022-02-11T08:37:17.690"
"GUJARAT","24","AHMADABAD","433","104969","105552","2022-02-11T08:37:17.907"
"GUJARAT","24","AMRELI","439","2188","1816","2022-02-11T08:37:17.907"
"GUJARAT","24","ANAND","441","5032","6946","2022-02-11T08:37:17.907"
"GUJARAT","24","ARVALLI","655","641","540","2022-02-11T08:37:17.907"
"GUJARAT","24","BANAS KANTHA","428","2697","3318","2022-02-11T08:37:17.907"
"GUJARAT","24","BHARUCH","447","5971","8990","2022-02-11T08:37:17.907"
"GUJARAT","24","BHAVNAGAR","440","10797","10002","2022-02-11T08:37:17.907"
"GUJARAT","24","BOTAD","656","1042","567","2022-02-11T08:37:17.907"
"GUJARAT","24","CHHOTAUDEPUR","657","354","793","2022-02-11T08:37:17.907"
"GUJARAT","24","DANG","449","38","48","2022-02-11T08:37:17.907"
"GUJARAT","24","DEVBHOOMI DWARKA","658","384","984","2022-02-11T08:37:17.907"
"GUJARAT","24","DOHAD","444","646","1026","2022-02-11T08:37:17.907"
"GUJARAT","24","GANDHINAGAR","432","6332","8574","2022-02-11T08:37:17.907"
"GUJARAT","24","GIR SOMNATH","659","1167","1468","2022-02-11T08:37:17.907"
"GUJARAT","24","JAMNAGAR","436","7276","5794","2022-02-11T08:37:17.907"
"GUJARAT","24","JUNAGADH","438","3034","4033","2022-02-11T08:37:17.907"
"GUJARAT","24","KACHCHH","427","5969","9616","2022-02-11T08:37:17.907"
"GUJARAT","24","KHEDA","442","2250","2509","2022-02-11T08:37:17.907"
"GUJARAT","24","MAHESANA","430","3986","4052","2022-02-11T08:37:17.907"
"GUJARAT","24","MAHISAGAR","670","188","364","2022-02-11T08:37:17.907"
"GUJARAT","24","MORBI","671","5254","2798","2022-02-11T08:37:17.907"
"GUJARAT","24","NARMADA","446","198","392","2022-02-11T08:37:17.907"
"GUJARAT","24","NAVSARI","450","3437","4093","2022-02-11T08:37:17.907"
"GUJARAT","24","PANCH MAHALS","443","1515","2018","2022-02-11T08:37:17.907"
"GUJARAT","24","PATAN","429","1534","1106","2022-02-11T08:37:17.907"
"GUJARAT","24","PORBANDAR","437","779","1438","2022-02-11T08:37:17.907"
"GUJARAT","24","RAJKOT","435","54048","36456","2022-02-11T08:37:17.907"
"GUJARAT","24","SABAR KANTHA","431","1638","1639","2022-02-11T08:37:17.907"
"GUJARAT","24","SURAT","448","206763","115694","2022-02-11T08:37:17.907"
"GUJARAT","24","SURENDRANAGAR","434","4049","1660","2022-02-11T08:37:17.907"
"GUJARAT","24","TAPI","672","549","1024","2022-02-11T08:37:17.907"
"GUJARAT","24","VADODARA","445","18622","38557","2022-02-11T08:37:17.907"
"GUJARAT","24","VALSAD","451","7927","10912","2022-02-11T08:37:17.907"
"HARYANA","6","AMBALA","89","4644","4973","2022-02-11T08:37:22.330"
"HARYANA","6","BHIWANI","100","2320","2772","2022-02-11T08:37:22.330"
"HARYANA","6","FARIDABAD","106","17948","14084","2022-02-11T08:37:22.330"
"HARYANA","6","FATEHABAD","97","1609","3723","2022-02-11T08:37:22.330"
"HARYANA","6","GURUGRAM","105","10933","20096","2022-02-11T08:37:22.330"
"HARYANA","6","HISAR","99","3923","7366","2022-02-11T08:37:22.330"
"HARYANA","6","JHAJJAR","102","3006","2341","2022-02-11T08:37:22.330"
"HARYANA","6","JIND","96","3024","4992","2022-02-11T08:37:22.330"
"HARYANA","6","KAITHAL","92","3630","5282","2022-02-11T08:37:22.330"
"HARYANA","6","KARNAL","93","6655","9054","2022-02-11T08:37:22.330"
"HARYANA","6","KURUKSHETRA","91","2431","4390","2022-02-11T08:37:22.330"
"HARYANA","6","MAHENDRAGARH","103","931","1767","2022-02-11T08:37:22.330"
"HARYANA","6","NUH","685","818","1383","2022-02-11T08:37:22.330"
"HARYANA","6","PALWAL","684","1345","2175","2022-02-11T08:37:22.330"
"HARYANA","6","PANCHKULA","88","2269","3670","2022-02-11T08:37:22.330"
"HARYANA","6","PANIPAT","94","11174","9943","2022-02-11T08:37:22.330"
"HARYANA","6","REWARI","104","2422","2310","2022-02-11T08:37:22.330"
"HARYANA","6","ROHTAK","101","3344","2797","2022-02-11T08:37:22.330"
"HARYANA","6","SIRSA","98","2773","5602","2022-02-11T08:37:22.330"
"HARYANA","6","SONIPAT","95","7110","5094","2022-02-11T08:37:22.330"
"HARYANA","6","YAMUNANAGAR","90","4178","5802","2022-02-11T08:37:22.330"
"HIMACHAL PRADESH","2","BILASPUR","52","181","228","2022-02-11T08:37:23.597"
"HIMACHAL PRADESH","2","CHAMBA","45","246","509","2022-02-11T08:37:23.597"
"HIMACHAL PRADESH","2","HAMIRPUR","50","227","345","2022-02-11T08:37:23.597"
"HIMACHAL PRADESH","2","KANGRA","46","852","1883","2022-02-11T08:37:23.597"
"HIMACHAL PRADESH","2","KINNAUR","56","42","106","2022-02-11T08:37:23.597"
"HIMACHAL PRADESH","2","KULLU","48","443","786","2022-02-11T08:37:23.597"
"HIMACHAL PRADESH","2","LAHUL AND SPITI","47","17","19","2022-02-11T08:37:23.597"
"HIMACHAL PRADESH","2","MANDI","49","670","911","2022-02-11T08:37:23.597"
"HIMACHAL PRADESH","2","SHIMLA","55","413","1382","2022-02-11T08:37:23.597"
"HIMACHAL PRADESH","2","SIRMAUR","54","562","452","2022-02-11T08:37:23.597"
"HIMACHAL PRADESH","2","SOLAN","53","2845","2105","2022-02-11T08:37:23.597"
"HIMACHAL PRADESH","2","UNA","51","717","1014","2022-02-11T08:37:23.597"
"JHARKHAND","20","BOKARO ","348","4773","10083","2022-02-11T08:37:23.860"
"JHARKHAND","20","CHATRA","349","642","1857","2022-02-11T08:37:23.860"
"JHARKHAND","20","DEOGHAR","350","2029","2842","2022-02-11T08:37:23.860"
"JHARKHAND","20","DHANBAD","351","5281","9964","2022-02-11T08:37:23.860"
"JHARKHAND","20","DUMKA","352","1366","2002","2022-02-11T08:37:23.860"
"JHARKHAND","20","EAST SINGHBHUM","353","6682","21024","2022-02-11T08:37:23.860"
"JHARKHAND","20","GARHWA ","354","5145","3421","2022-02-11T08:37:23.860"
"JHARKHAND","20","GIRIDIH","355","2836","8938","2022-02-11T08:37:23.860"
"JHARKHAND","20","GODDA","356","2231","2546","2022-02-11T08:37:23.860"
"JHARKHAND","20","GUMLA ","357","510","1633","2022-02-11T08:37:23.860"
"JHARKHAND","20","HAZARIBAG ","358","2951","9200","2022-02-11T08:37:23.860"
"JHARKHAND","20","JAMTARA","359","329","639","2022-02-11T08:37:23.860"
"JHARKHAND","20","KHUNTI ","360","529","2099","2022-02-11T08:37:23.860"
"JHARKHAND","20","KODERMA ","361","893","2145","2022-02-11T08:37:23.860"
"JHARKHAND","20","LATEHAR","362","316","493","2022-02-11T08:37:23.860"
"JHARKHAND","20","LOHARDAGA ","363","786","1381","2022-02-11T08:37:23.860"
"JHARKHAND","20","PAKUR ","364","736","1191","2022-02-11T08:37:23.860"
"JHARKHAND","20","PALAMU","365","1602","3159","2022-02-11T08:37:23.860"
"JHARKHAND","20","RAMGARH ","619","1932","3939","2022-02-11T08:37:23.860"
"JHARKHAND","20","RANCHI ","620","7632","17762","2022-02-11T08:37:23.860"
"JHARKHAND","20","SAHEBGANJ","621","1028","1307","2022-02-11T08:37:23.860"
"JHARKHAND","20","SERAIKELA-KHARSAWAN  ","622","2634","5607","2022-02-11T08:37:23.860"
"JHARKHAND","20","SIMDEGA ","623","174","388","2022-02-11T08:37:23.860"
"JHARKHAND","20","WEST SINGHBHUM","624","742","2180","2022-02-11T08:37:23.860"
"KARNATAKA","29","BAGALKOT","525","9151","3912","2022-02-11T08:37:24.907"
"KARNATAKA","29","BALLARI","535","2722","3566","2022-02-11T08:37:24.907"
"KARNATAKA","29","BELAGAVI","524","27799","22805","2022-02-11T08:37:24.907"
"KARNATAKA","29","BENGALURU (RURAL)","544","13194","12169","2022-02-11T08:37:24.907"
"KARNATAKA","29","BENGALURU (URBAN)","543","68239","97050","2022-02-11T08:37:24.907"
"KARNATAKA","29","BIDAR","528","2031","2454","2022-02-11T08:37:24.907"
"KARNATAKA","29","CHAMARAJNAGAR","550","560","1038","2022-02-11T08:37:24.907"
"KARNATAKA","29","CHIKBALLAPUR","686","1581","1396","2022-02-11T08:37:24.907"
"KARNATAKA","29","CHIKKAMAGALURU","540","1080","2512","2022-02-11T08:37:24.907"
"KARNATAKA","29","CHITRADURGA","536","1637","2113","2022-02-11T08:37:24.907"
"KARNATAKA","29","DAKSHIN KANNAD","547","6309","8247","2022-02-11T08:37:24.907"
"KARNATAKA","29","DAVANGERE","537","2973","3634","2022-02-11T08:37:24.907"
"KARNATAKA","29","DHARWAD","532","9687","14284","2022-02-11T08:37:24.907"
"KARNATAKA","29","GADAG","531","2027","2088","2022-02-11T08:37:24.907"
"KARNATAKA","29","HASSAN","546","1863","2406","2022-02-11T08:37:24.907"
"KARNATAKA","29","HAVERI","534","1826","2429","2022-02-11T08:37:24.907"
"KARNATAKA","29","KALABURAGI","527","1919","2745","2022-02-11T08:37:24.907"
"KARNATAKA","29","KODAGU","548","688","959","2022-02-11T08:37:24.907"
"KARNATAKA","29","KOLAR","542","1811","1950","2022-02-11T08:37:24.907"
"KARNATAKA","29","KOPPAL","530","1166","1094","2022-02-11T08:37:24.907"
"KARNATAKA","29","MANDYA","545","1337","1670","2022-02-11T08:37:24.907"
"KARNATAKA","29","MYSURU","549","6472","9033","2022-02-11T08:37:24.907"
"KARNATAKA","29","RAICHUR","529","1476","1981","2022-02-11T08:37:24.907"
"KARNATAKA","29","RAMANAGARA","687","2198","1741","2022-02-11T08:37:24.907"
"KARNATAKA","29","SHIVAMOGGA","538","2641","3112","2022-02-11T08:37:24.907"
"KARNATAKA","29","TUMAKURU","541","6225","3366","2022-02-11T08:37:24.907"
"KARNATAKA","29","UDUPI","539","3184","4003","2022-02-11T08:37:24.907"
"KARNATAKA","29","UTTAR KANNAD","533","2429","3683","2022-02-11T08:37:24.907"
"KARNATAKA","29","VIJAYAPURA","526","3186","4678","2022-02-11T08:37:24.907"
"KARNATAKA","29","YADGIR","688","504","1150","2022-02-11T08:37:24.907"
"KERALA","32","ALAPPUZHA","564","6096","4402","2022-02-11T08:37:27.657"
"KERALA","32","ERNAKULAM","561","13704","14360","2022-02-11T08:37:27.657"
"KERALA","32","IDUKKI","562","2038","1666","2022-02-11T08:37:27.657"
"KERALA","32","KANNUR","555","4019","3104","2022-02-11T08:37:27.657"
"KERALA","32","KASARAGOD","554","1844","1647","2022-02-11T08:37:27.657"
"KERALA","32","KOLLAM","566","6449","4229","2022-02-11T08:37:27.657"
"KERALA","32","KOTTAYAM","563","4472","3342","2022-02-11T08:37:27.657"
"KERALA","32","KOZHIKODE","557","5090","3215","2022-02-11T08:37:27.657"
"KERALA","32","MALAPPURAM","558","4858","3193","2022-02-11T08:37:27.657"
"KERALA","32","PALAKKAD","559","4899","3212","2022-02-11T08:37:27.657"
"KERALA","32","PATHANAMTHIPTA","565","2749","2110","2022-02-11T08:37:27.657"
"KERALA","32","THIRUVANANTHAPURAM","567","10950","14457","2022-02-11T08:37:27.657"
"KERALA","32","THRISSUR","560","8850","5952","2022-02-11T08:37:27.657"
"KERALA","32","WAYANAD","556","1269","636","2022-02-11T08:37:27.657"
"MADHYA PRADESH","23","AGAR MALWA","689","3733","4718","2022-02-11T08:37:32.097"
"MADHYA PRADESH","23","ALIRAJPUR","690","3871","4140","2022-02-11T08:37:32.097"
"MADHYA PRADESH","23","ANUPPUR","691","1554","7269","2022-02-11T08:37:32.097"
"MADHYA PRADESH","23","ASHOKNAGAR","692","1631","7326","2022-02-11T08:37:32.097"
"MADHYA PRADESH","23","BALAGHAT","426","3735","20204","2022-02-11T08:37:32.097"
"MADHYA PRADESH","23","BARWANI","409","5714","9143","2022-02-11T08:37:32.097"
"MADHYA PRADESH","23","BETUL","416","4175","11139","2022-02-11T08:37:32.097"
"MADHYA PRADESH","23","BHIND","384","6441","10734","2022-02-11T08:37:32.097"
"MADHYA PRADESH","23","BHOPAL","413","17869","29350","2022-02-11T08:37:32.097"
"MADHYA PRADESH","23","BURHANPUR","386","6444","8861","2022-02-11T08:37:32.097"
"MADHYA PRADESH","23","CHHATARPUR","390","6333","13249","2022-02-11T08:37:32.097"
"MADHYA PRADESH","23","CHHINDWARA","424","7765","13851","2022-02-11T08:37:32.097"
"MADHYA PRADESH","23","DAMOH","393","2855","13119","2022-02-11T08:37:32.097"
"MADHYA PRADESH","23","DATIA","693","4966","4573","2022-02-11T08:37:32.097"
"MADHYA PRADESH","23","DEWAS","404","6486","21906","2022-02-11T08:37:32.097"
"MADHYA PRADESH","23","DHAR","406","4079","33607","2022-02-11T08:37:32.097"
"MADHYA PRADESH","23","DINDORI","694","2014","6328","2022-02-11T08:37:32.097"
"MADHYA PRADESH","23","EAST NIMAR","410","13316","9566","2022-02-11T08:37:32.097"
"MADHYA PRADESH","23","GUNA","388","4555","13787","2022-02-11T08:37:32.097"
"MADHYA PRADESH","23","GWALIOR","385","11112","24572","2022-02-11T08:37:32.097"
"MADHYA PRADESH","23","HARDA","417","3085","6513","2022-02-11T08:37:32.097"
"MADHYA PRADESH","23","HOSHANGABAD","418","2177","13586","2022-02-11T08:37:32.097"
"MADHYA PRADESH","23","INDORE","407","31256","30285","2022-02-11T08:37:32.097"
"MADHYA PRADESH","23","JABALPUR","420","15532","18329","2022-02-11T08:37:32.097"
"MADHYA PRADESH","23","JHABUA","405","3331","13966","2022-02-11T08:37:32.097"
"MADHYA PRADESH","23","KATNI","419","5055","13114","2022-02-11T08:37:32.097"
"MADHYA PRADESH","23","KHARGONE","408","12487","10628","2022-02-11T08:37:32.097"
"MADHYA PRADESH","23","MANDLA","423","2648","6003","2022-02-11T08:37:32.097"
"MADHYA PRADESH","23","MANDSAUR","400","5496","7557","2022-02-11T08:37:32.097"
"MADHYA PRADESH","23","MORENA","383","7900","10200","2022-02-11T08:37:32.097"
"MADHYA PRADESH","23","NARSINGHPUR","421","6479","7922","2022-02-11T08:37:32.097"
"MADHYA PRADESH","23","NEEMUCH","399","6085","10321","2022-02-11T08:37:32.097"
"MADHYA PRADESH","23","PANNA","391","2567","8077","2022-02-11T08:37:32.097"
"MADHYA PRADESH","23","RAISEN","415","5239","20018","2022-02-11T08:37:32.097"
"MADHYA PRADESH","23","RAJGARH","411","4616","9415","2022-02-11T08:37:32.097"
"MADHYA PRADESH","23","RATLAM","401","5695","12803","2022-02-11T08:37:32.097"
"MADHYA PRADESH","23","REWA","395","9054","13193","2022-02-11T08:37:32.097"
"MADHYA PRADESH","23","SAGAR","392","4074","16361","2022-02-11T08:37:32.097"
"MADHYA PRADESH","23","SATNA","394","10577","10976","2022-02-11T08:37:32.097"
"MADHYA PRADESH","23","SEHORE","414","3633","17983","2022-02-11T08:37:32.097"
"MADHYA PRADESH","23","SEONI","425","2154","17143","2022-02-11T08:37:32.097"
"MADHYA PRADESH","23","SHAHDOL","397","6099","8839","2022-02-11T08:37:32.097"
"MADHYA PRADESH","23","SHAJAPUR","403","2958","6900","2022-02-11T08:37:32.097"
"MADHYA PRADESH","23","SHEOPUR","382","3111","5271","2022-02-11T08:37:32.097"
"MADHYA PRADESH","23","SHIVPURI","387","5809","15691","2022-02-11T08:37:32.097"
"MADHYA PRADESH","23","SIDHI","398","7138","10633","2022-02-11T08:37:32.097"
"MADHYA PRADESH","23","SINGRAULI","422","5726","7543","2022-02-11T08:37:32.097"
"MADHYA PRADESH","23","TIKAMGARH","389","5576","9747","2022-02-11T08:37:32.097"
"MADHYA PRADESH","23","UJJAIN","402","15386","14665","2022-02-11T08:37:32.097"
"MADHYA PRADESH","23","UMARIA","396","4357","5267","2022-02-11T08:37:32.097"
"MADHYA PRADESH","23","VIDISHA","412","3071","13053","2022-02-11T08:37:32.097"
"MAHARASHTRA","27","AHMEDNAGAR","480","18377","39222","2022-02-11T08:37:37.003"
"MAHARASHTRA","27","AKOLA","459","6070","13860","2022-02-11T08:37:37.003"
"MAHARASHTRA","27","AMRAVATI","461","6631","14618","2022-02-11T08:37:37.003"
"MAHARASHTRA","27","AURANGABAD","473","31616","61288","2022-02-11T08:37:37.003"
"MAHARASHTRA","27","BEED","481","8064","14211","2022-02-11T08:37:37.003"
"MAHARASHTRA","27","BHANDARA","464","6722","19772","2022-02-11T08:37:37.003"
"MAHARASHTRA","27","BULDHANA","458","5786","16914","2022-02-11T08:37:37.003"
"MAHARASHTRA","27","CHANDRAPUR","467","6673","23781","2022-02-11T08:37:37.003"
"MAHARASHTRA","27","DHULE","456","4052","7000","2022-02-11T08:37:37.003"
"MAHARASHTRA","27","GADCHIROLI","466","3996","12438","2022-02-11T08:37:37.003"
"MAHARASHTRA","27","GONDIA","465","7801","23497","2022-02-11T08:37:37.003"
"MAHARASHTRA","27","HINGOLI","470","2473","5591","2022-02-11T08:37:37.003"
"MAHARASHTRA","27","JALGAON","457","13539","29132","2022-02-11T08:37:37.003"
"MAHARASHTRA","27","JALNA","472","8205","20854","2022-02-11T08:37:37.003"
"MAHARASHTRA","27","KOLHAPUR","488","37465","34942","2022-02-11T08:37:37.003"
"MAHARASHTRA","27","LATUR","482","6728","9179","2022-02-11T08:37:37.003"
"MAHARASHTRA","27","MUMBAI ","636","47997","115702","2022-02-11T08:37:37.003"
"MAHARASHTRA","27","MUMBAI SUBURBAN","476","58929","161338","2022-02-11T08:37:37.003"
"MAHARASHTRA","27","NAGPUR","463","26788","71581","2022-02-11T08:37:37.003"
"MAHARASHTRA","27","NAN DED","469","5739","11529","2022-02-11T08:37:37.003"
"MAHARASHTRA","27","NANDURBAR","455","1620","3134","2022-02-11T08:37:37.003"
"MAHARASHTRA","27","NASHIK","474","27166","49301","2022-02-11T08:37:37.003"
"MAHARASHTRA","27","OSMANABAD","483","4585","7834","2022-02-11T08:37:37.003"
"MAHARASHTRA","27","PALGHAR","477","30012","52707","2022-02-11T08:37:37.003"
"MAHARASHTRA","27","PARBHANI","471","3897","9439","2022-02-11T08:37:37.003"
"MAHARASHTRA","27","PUNE","479","85394","181861","2022-02-11T08:37:37.003"
"MAHARASHTRA","27","RAIGAD","478","13641","49166","2022-02-11T08:37:37.003"
"MAHARASHTRA","27","RATNAGIRI","486","6441","11324","2022-02-11T08:37:37.003"
"MAHARASHTRA","27","SANGLI","489","15934","24695","2022-02-11T08:37:37.003"
"MAHARASHTRA","27","SATARA","485","11112","21465","2022-02-11T08:37:37.003"
"MAHARASHTRA","27","SINDHUDURG","487","4181","4384","2022-02-11T08:37:37.003"
"MAHARASHTRA","27","SOLAPUR","484","18896","28107","2022-02-11T08:37:37.003"
"MAHARASHTRA","27","THANE","475","65951","171982","2022-02-11T08:37:37.003"
"MAHARASHTRA","27","WARDHA","462","5881","15641","2022-02-11T08:37:37.003"
"MAHARASHTRA","27","WASHIM","460","2656","10046","2022-02-11T08:37:37.003"
"MAHARASHTRA","27","YAVATMAL","468","5325","14599","2022-02-11T08:37:37.003"
"MANIPUR","14","BISHNUPUR","282","2183","1529","2022-02-11T08:37:47.143"
"MANIPUR","14","CHANDEL","287","420","456","2022-02-11T08:37:47.143"
"MANIPUR","14","CHURACHANDPUR","281","1155","594","2022-02-11T08:37:47.143"
"MANIPUR","14","IMPHAL EAST","285","6236","4596","2022-02-11T08:37:47.143"
"MANIPUR","14","IMPHAL WEST","284","6226","5361","2022-02-11T08:37:47.143"
"MANIPUR","14","KANGPOKPI","736","1","0","2022-02-11T08:37:47.143"
"MANIPUR","14","SENAPATI","279","1288","591","2022-02-11T08:37:47.143"
"MANIPUR","14","TAMENGLONG","280","180","96","2022-02-11T08:37:47.143"
"MANIPUR","14","THOUBAL","283","2820","2245","2022-02-11T08:37:47.143"
"MANIPUR","14","UKHRUL","286","783","440","2022-02-11T08:37:47.143"
"MEGHALAYA","17","EAST GARO HILLS","301","67","14","2022-02-11T08:37:47.520"
"MEGHALAYA","17","EAST JAINTIA HILLS","640","22","19","2022-02-11T08:37:47.520"
"MEGHALAYA","17","EAST KHASI HILLS","305","527","479","2022-02-11T08:37:47.520"
"MEGHALAYA","17","NORTH GARO HILLS","641","107","37","2022-02-11T08:37:47.520"
"MEGHALAYA","17","RI BHOI","304","143","79","2022-02-11T08:37:47.520"
"MEGHALAYA","17","SOUTH GARO HILLS","302","12","6","2022-02-11T08:37:47.520"
"MEGHALAYA","17","SOUTH WEST  GARO HILLS","642","43","14","2022-02-11T08:37:47.520"
"MEGHALAYA","17","SOUTH WEST KHASI HILLS","643","32","35","2022-02-11T08:37:47.520"
"MEGHALAYA","17","WEST GARO HILLS","300","148","75","2022-02-11T08:37:47.520"
"MEGHALAYA","17","WEST JAINTIA HILLS","306","332","29","2022-02-11T08:37:47.520"
"MEGHALAYA","17","WEST KHASI HILLS","303","145","50","2022-02-11T08:37:47.520"
"MIZORAM","15","AIZAWL","290","1359","916","2022-02-11T08:37:47.707"
"MIZORAM","15","CHAMPHAI","291","118","174","2022-02-11T08:37:47.707"
"MIZORAM","15","KOLASIB","289","83","97","2022-02-11T08:37:47.707"
"MIZORAM","15","LAWNGTLAI","294","34","43","2022-02-11T08:37:47.707"
"MIZORAM","15","LUNGLEI","293","111","165","2022-02-11T08:37:47.707"
"MIZORAM","15","MAMIT","288","66","36","2022-02-11T08:37:47.707"
"MIZORAM","15","SAIHA","295","49","28","2022-02-11T08:37:47.707"
"MIZORAM","15","SERCHHIP","292","221","46","2022-02-11T08:37:47.707"
"NAGALAND","13","DIMAPUR","276","537","553","2022-02-11T08:37:47.893"
"NAGALAND","13","KIPHRIE","644","10","11","2022-02-11T08:37:47.893"
"NAGALAND","13","KOHIMA","277","93","184","2022-02-11T08:37:47.893"
"NAGALAND","13","LONGLENG","645","3","0","2022-02-11T08:37:47.893"
"NAGALAND","13","MOKOKCHUNG","273","176","38","2022-02-11T08:37:47.893"
"NAGALAND","13","MON","271","22","19","2022-02-11T08:37:47.893"
"NAGALAND","13","PEREN","646","5","10","2022-02-11T08:37:47.893"
"NAGALAND","13","PHEK","278","45","13","2022-02-11T08:37:47.893"
"NAGALAND","13","TUENSANG","272","137","12","2022-02-11T08:37:47.893"
"NAGALAND","13","WOKHA","275","91","49","2022-02-11T08:37:47.893"
"NAGALAND","13","ZUNHEBOTO","274","2","9","2022-02-11T08:37:47.893"
"ODISHA","21","ANGUL","15","931","2697","2022-02-11T08:37:48.080"
"ODISHA","21","BALANGIR","24","854","1816","2022-02-11T08:37:48.080"
"ODISHA","21","BALESHWAR","8","4158","23012","2022-02-11T08:37:48.080"
"ODISHA","21","BARGARH","1","790","1346","2022-02-11T08:37:48.080"
"ODISHA","21","BHADRAK","9","1460","3942","2022-02-11T08:37:48.080"
"ODISHA","21","BOUDH","22","1903","624","2022-02-11T08:37:48.080"
"ODISHA","21","CUTTACK","12","7324","7685","2022-02-11T08:37:48.080"
"ODISHA","21","DEOGARH","4","73","200","2022-02-11T08:37:48.080"
"ODISHA","21","DHENKANAL","14","835","1224","2022-02-11T08:37:48.080"
"ODISHA","21","GAJAPATI","20","214","646","2022-02-11T08:37:48.080"
"ODISHA","21","GANJAM","19","3697","7357","2022-02-11T08:37:48.080"
"ODISHA","21","JAGATSINGHPUR","11","597","1807","2022-02-11T08:37:48.080"
"ODISHA","21","JAJAPUR","13","1222","2704","2022-02-11T08:37:48.080"
"ODISHA","21","JHARSUGUDA","2","526","1343","2022-02-11T08:37:48.080"
"ODISHA","21","KALAHANDI","26","522","945","2022-02-11T08:37:48.080"
"ODISHA","21","KANDHAMAL","21","269","788","2022-02-11T08:37:48.080"
"ODISHA","21","KENDRAPARA","10","718","1193","2022-02-11T08:37:48.080"
"ODISHA","21","KENDUJHAR","6","609","2250","2022-02-11T08:37:48.080"
"ODISHA","21","KHORDHA","17","7885","11922","2022-02-11T08:37:48.080"
"ODISHA","21","KORAPUT","29","675","1152","2022-02-11T08:37:48.080"
"ODISHA","21","MALKANGIRI  ","30","99","525","2022-02-11T08:37:48.080"
"ODISHA","21","MAYURBHANJ","7","1128","2018","2022-02-11T08:37:48.080"
"ODISHA","21","NABARANGPUR","28","211","447","2022-02-11T08:37:48.080"
"ODISHA","21","NAYAGARH","16","735","1093","2022-02-11T08:37:48.080"
"ODISHA","21","NUAPADA","25","138","303","2022-02-11T08:37:48.080"
"ODISHA","21","PURI","18","4414","4471","2022-02-11T08:37:48.080"
"ODISHA","21","RAYAGADA","27","649","1360","2022-02-11T08:37:48.080"
"ODISHA","21","SAMBALPUR","3","907","1943","2022-02-11T08:37:48.080"
"ODISHA","21","SONEPUR","23","426","756","2022-02-11T08:37:48.080"
"ODISHA","21","SUNDARGARH","5","2521","3875","2022-02-11T08:37:48.080"
"PUNJAB","3","AMRITSAR","57","5596","7552","2022-02-11T08:37:48.957"
"PUNJAB","3","BARNALA","58","1347","2453","2022-02-11T08:37:48.957"
"PUNJAB","3","BATHINDA","60","3782","6897","2022-02-11T08:37:48.957"
"PUNJAB","3","FARIDKOT","61","1382","3441","2022-02-11T08:37:48.957"
"PUNJAB","3","FATEHGARH SAHIB","69","1741","2455","2022-02-11T08:37:48.957"
"PUNJAB","3","FAZILKA","62","1200","3198","2022-02-11T08:37:48.957"
"PUNJAB","3","FIROZEPUR","63","1422","3200","2022-02-11T08:37:48.957"
"PUNJAB","3","GURDASPUR","59","1733","3095","2022-02-11T08:37:48.957"
"PUNJAB","3","HOSHIARPUR","64","2474","5357","2022-02-11T08:37:48.957"
"PUNJAB","3","JALANDHAR","65","11551","16197","2022-02-11T08:37:48.957"
"PUNJAB","3","KAPURTHALA","66","2688","5360","2022-02-11T08:37:48.957"
"PUNJAB","3","LUDHIANA","67","35069","30207","2022-02-11T08:37:48.957"
"PUNJAB","3","MANSA","70","2133","2298","2022-02-11T08:37:48.957"
"PUNJAB","3","MOGA","71","2327","5498","2022-02-11T08:37:48.957"
"PUNJAB","3","PATHANKOT","615","413","1050","2022-02-11T08:37:48.957"
"PUNJAB","3","PATIALA","616","6727","8530","2022-02-11T08:37:48.957"
"PUNJAB","3","RUPNAGAR","617","874","2067","2022-02-11T08:37:48.957"
"PUNJAB","3","SANGRUR","68","4566","5434","2022-02-11T08:37:48.957"
"PUNJAB","3","SAS NAGAR","72","7178","12756","2022-02-11T08:37:48.957"
"PUNJAB","3","SHAHID BHAGAT SINGH NAGAR","614","1458","3470","2022-02-11T08:37:48.957"
"PUNJAB","3","SRI MUKTSAR SAHIB","73","1436","2199","2022-02-11T08:37:48.957"
"PUNJAB","3","TARN TARAN","618","1532","1925","2022-02-11T08:37:48.957"
"RAJASTHAN","8","AJMER","136","11431","13147","2022-02-11T08:37:50.440"
"RAJASTHAN","8","ALWAR","121","11755","15355","2022-02-11T08:37:50.440"
"RAJASTHAN","8","BANSWARA","612","1745","3144","2022-02-11T08:37:50.440"
"RAJASTHAN","8","BARAN","145","1679","1850","2022-02-11T08:37:50.440"
"RAJASTHAN","8","BARMER","132","6885","5020","2022-02-11T08:37:50.440"
"RAJASTHAN","8","BHARATPUR","122","4363","5384","2022-02-11T08:37:50.440"
"RAJASTHAN","8","BHILWARA","139","13263","16921","2022-02-11T08:37:50.440"
"RAJASTHAN","8","BIKANER","118","9590","13291","2022-02-11T08:37:50.440"
"RAJASTHAN","8","BUNDI","138","1737","2790","2022-02-11T08:37:50.440"
"RAJASTHAN","8","CHITTORGARH","143","3424","6548","2022-02-11T08:37:50.440"
"RAJASTHAN","8","CHURU","119","4020","5516","2022-02-11T08:37:50.440"
"RAJASTHAN","8","DAUSA","126","4258","7936","2022-02-11T08:37:50.440"
"RAJASTHAN","8","DHOLPUR","123","1420","1521","2022-02-11T08:37:50.440"
"RAJASTHAN","8","DUNGARPUR","142","1423","2727","2022-02-11T08:37:50.440"
"RAJASTHAN","8","GANGANAGAR","116","5660","14469","2022-02-11T08:37:50.440"
"RAJASTHAN","8","HANUMANGARH","117","5869","12021","2022-02-11T08:37:50.440"
"RAJASTHAN","8","JAIPUR","127","84064","119738","2022-02-11T08:37:50.440"
"RAJASTHAN","8","JAISALMER","131","972","1710","2022-02-11T08:37:50.440"
"RAJASTHAN","8","JALORE","133","2753","3171","2022-02-11T08:37:50.440"
"RAJASTHAN","8","JHALAWAR","146","1528","2223","2022-02-11T08:37:50.440"
"RAJASTHAN","8","JHUNJHUNU","120","3412","6412","2022-02-11T08:37:50.440"
"RAJASTHAN","8","JODHPUR","130","22887","23497","2022-02-11T08:37:50.440"
"RAJASTHAN","8","KARAULI","124","1714","3059","2022-02-11T08:37:50.440"
"RAJASTHAN","8","KOTA","144","7149","18504","2022-02-11T08:37:50.440"
"RAJASTHAN","8","NAGAUR","129","7853","10741","2022-02-11T08:37:50.440"
"RAJASTHAN","8","PALI","135","6445","7127","2022-02-11T08:37:50.440"
"RAJASTHAN","8","PRATAPGARH","625","808","1963","2022-02-11T08:37:50.440"
"RAJASTHAN","8","RAJSAMAND","140","3548","3507","2022-02-11T08:37:50.440"
"RAJASTHAN","8","SAWAI MADHOPUR","125","2010","5187","2022-02-11T08:37:50.440"
"RAJASTHAN","8","SIKAR","128","6548","11521","2022-02-11T08:37:50.440"
"RAJASTHAN","8","SIROHI","134","2697","3469","2022-02-11T08:37:50.440"
"RAJASTHAN","8","TONK","137","1469","3490","2022-02-11T08:37:50.440"
"RAJASTHAN","8","UDAIPUR","141","9605","16494","2022-02-11T08:37:50.440"
"SIKKIM","11","EAST DISTRICT","254","216","460","2022-02-11T08:37:54.020"
"SIKKIM","11","NORTH DISTRICT","255","11","18","2022-02-11T08:37:54.020"
"SIKKIM","11","SOUTH DISTRICT","256","63","111","2022-02-11T08:37:54.020"
"SIKKIM","11","WEST DISTRICT","257","75","127","2022-02-11T08:37:54.020"
"TAMIL NADU","33","ARIYALUR","584","1386","1888","2022-02-11T08:37:54.177"
"TAMIL NADU","33","CHENNAI","569","48351","149602","2022-02-11T08:37:54.177"
"TAMIL NADU","33","COIMBATORE","695","56420","59705","2022-02-11T08:37:54.177"
"TAMIL NADU","33","CUDDALORE","585","8160","7658","2022-02-11T08:37:54.177"
"TAMIL NADU","33","DHARMAPURI","572","7928","5792","2022-02-11T08:37:54.177"
"TAMIL NADU","33","DINDIGUL","580","9884","10899","2022-02-11T08:37:54.177"
"TAMIL NADU","33","ERODE","577","30845","19420","2022-02-11T08:37:54.177"
"TAMIL NADU","33","KANCHIPURAM","570","22703","53711","2022-02-11T08:37:54.177"
"TAMIL NADU","33","KANNIYAKUMARI","597","12288","14352","2022-02-11T08:37:54.177"
"TAMIL NADU","33","KARUR","581","7083","5709","2022-02-11T08:37:54.177"
"TAMIL NADU","33","KRISHNAGIRI","579","13177","11768","2022-02-11T08:37:54.177"
"TAMIL NADU","33","MADURAI","591","24354","35027","2022-02-11T08:37:54.177"
"TAMIL NADU","33","NAGAPATTINAM","586","2860","4714","2022-02-11T08:37:54.177"
"TAMIL NADU","33","NAMAKKAL","576","14673","14025","2022-02-11T08:37:54.177"
"TAMIL NADU","33","PERAMBALUR","583","1129","1552","2022-02-11T08:37:54.177"
"TAMIL NADU","33","PUDUKKOTTAI","592","4329","5588","2022-02-11T08:37:54.177"
"TAMIL NADU","33","RAMANATHAPURAM","594","2147","4360","2022-02-11T08:37:54.177"
"TAMIL NADU","33","SALEM","575","45156","23741","2022-02-11T08:37:54.177"
"TAMIL NADU","33","SIVAGANGA","590","3311","5514","2022-02-11T08:37:54.177"
"TAMIL NADU","33","THANJAVUR","588","5995","9787","2022-02-11T08:37:54.177"
"TAMIL NADU","33","THE NILGIRISH","578","1134","1902","2022-02-11T08:37:54.177"
"TAMIL NADU","33","THENI","696","4800","5625","2022-02-11T08:37:54.177"
"TAMIL NADU","33","THIRUVALLUR","568","22037","36783","2022-02-11T08:37:54.177"
"TAMIL NADU","33","THIRUVARUR","587","1937","4282","2022-02-11T08:37:54.177"
"TAMIL NADU","33","TIRUCHIRAPPALLI","582","9945","17842","2022-02-11T08:37:54.177"
"TAMIL NADU","33","TIRUNELVELI","589","12306","16336","2022-02-11T08:37:54.177"
"TAMIL NADU","33","TIRUPPUR","596","68808","25465","2022-02-11T08:37:54.177"
"TAMIL NADU","33","TIRUVANNAMALAI","573","6617","6717","2022-02-11T08:37:54.177"
"TAMIL NADU","33","TUTICORIN","595","6449","12929","2022-02-11T08:37:54.177"
"TAMIL NADU","33","VELLORE","571","17935","13599","2022-02-11T08:37:54.177"
"TAMIL NADU","33","VILLUPURAM","574","8575","8017","2022-02-11T08:37:54.177"
"TAMIL NADU","33","VIRUDHUNAGAR","593","17594","11504","2022-02-11T08:37:54.177"
"TELANGANA","36","ADILABAD","490","932","3637","2022-02-11T08:38:00.020"
"TELANGANA","36","BHADRADRI KOTHAGUDEM","700","501","2014","2022-02-11T08:38:00.020"
"TELANGANA","36","HYDERABAD","494","20885","48880","2022-02-11T08:38:00.020"
"TELANGANA","36","Jagitial","701","1048","2351","2022-02-11T08:38:00.020"
"TELANGANA","36","JANGOAN","702","217","944","2022-02-11T08:38:00.020"
"TELANGANA","36","JAYASHANKAR BHUPALAPALLY","703","313","1661","2022-02-11T08:38:00.020"
"TELANGANA","36","JOGULAMBA GADWAL","704","308","866","2022-02-11T08:38:00.020"
"TELANGANA","36","KAMAREDDY","705","363","2884","2022-02-11T08:38:00.020"
"TELANGANA","36","KARIMNAGAR","492","5629","16270","2022-02-11T08:38:00.020"
"TELANGANA","36","KHAMMAM","499","2520","6082","2022-02-11T08:38:00.020"
"TELANGANA","36","KOMARAM BHEEM ASIFABAD","706","164","396","2022-02-11T08:38:00.020"
"TELANGANA","36","MAHABUBABAD","707","235","1330","2022-02-11T08:38:00.020"
"TELANGANA","36","MAHABUBNAGAR","496","7029","6119","2022-02-11T08:38:00.020"
"TELANGANA","36","MANCHERIAL","708","505","2031","2022-02-11T08:38:00.020"
"TELANGANA","36","MEDAK","493","2755","3508","2022-02-11T08:38:00.020"
"TELANGANA","36","MEDCHAL MALKAJGIRI","709","15738","16902","2022-02-11T08:38:00.020"
"TELANGANA","36","NAGARKURNOOL","710","340","1537","2022-02-11T08:38:00.020"
"TELANGANA","36","NALGONDA","497","4887","9963","2022-02-11T08:38:00.020"
"TELANGANA","36","Nirmal","711","237","1368","2022-02-11T08:38:00.020"
"TELANGANA","36","NIZAMABAD","491","2333","16223","2022-02-11T08:38:00.020"
"TELANGANA","36","PEDDAPALLI","712","1247","2871","2022-02-11T08:38:00.020"
"TELANGANA","36","RAJANNA SIRCILLA","713","1702","2342","2022-02-11T08:38:00.020"
"TELANGANA","36","RANGA REDDI","495","23940","30422","2022-02-11T08:38:00.020"
"TELANGANA","36","SANGAREDDY","714","2253","2592","2022-02-11T08:38:00.020"
"TELANGANA","36","SIDDIPET","715","886","2167","2022-02-11T08:38:00.020"
"TELANGANA","36","SURYAPET","716","851","3854","2022-02-11T08:38:00.020"
"TELANGANA","36","VIKARABAD","717","368","1122","2022-02-11T08:38:00.020"
"TELANGANA","36","WANAPARTHY","718","376","935","2022-02-11T08:38:00.020"
"TELANGANA","36","WARANGAL","498","3234","9205","2022-02-11T08:38:00.020"
"TELANGANA","36","WARANGAL RURAL","721","654","2872","2022-02-11T08:38:00.020"
"TELANGANA","36","WARANGAL URBAN","720","3106","11627","2022-02-11T08:38:00.020"
"TELANGANA","36","YADADRI BHUVANAGIRI","719","1340","1294","2022-02-11T08:38:00.020"
"TRIPURA","16","DHALAI","298","230","209","2022-02-11T08:38:01.973"
"TRIPURA","16","GOMATI","647","206","307","2022-02-11T08:38:01.973"
"TRIPURA","16","KHOWAI","648","255","259","2022-02-11T08:38:01.973"
"TRIPURA","16","NORTH TRIPURA","299","441","413","2022-02-11T08:38:01.973"
"TRIPURA","16","SEPAHIJALA","649","164","219","2022-02-11T08:38:01.973"
"TRIPURA","16","SOUTH TRIPURA","297","264","322","2022-02-11T08:38:01.973"
"TRIPURA","16","UNAKOTI","650","249","198","2022-02-11T08:38:01.973"
"TRIPURA","16","WEST TRIPURA","296","1435","1480","2022-02-11T08:38:01.973"
"UTTAR PRADESH","9","AGRA","161","38203","33777","2022-02-11T08:38:02.177"
"UTTAR PRADESH","9","ALIGARH","158","8397","8835","2022-02-11T08:38:02.177"
"UTTAR PRADESH","9","AMBEDAKAR NAGAR","194","2284","4216","2022-02-11T08:38:02.177"
"UTTAR PRADESH","9","AMETHI","632","1051","1658","2022-02-11T08:38:02.177"
"UTTAR PRADESH","9","AMROHA","152","2650","1506","2022-02-11T08:38:02.177"
"UTTAR PRADESH","9","AURAIYA","178","1951","3866","2022-02-11T08:38:02.177"
"UTTAR PRADESH","9","AZAMGARH","207","3521","5199","2022-02-11T08:38:02.177"
"UTTAR PRADESH","9","BAGHPAT","154","1879","1447","2022-02-11T08:38:02.177"
"UTTAR PRADESH","9","BAHRAICH","196","9457","11547","2022-02-11T08:38:02.177"
"UTTAR PRADESH","9","BALLIA","209","1729","2757","2022-02-11T08:38:02.177"
"UTTAR PRADESH","9","BALRAMPUR","198","735","3054","2022-02-11T08:38:02.177"
"UTTAR PRADESH","9","BANDA","186","1779","1367","2022-02-11T08:38:02.177"
"UTTAR PRADESH","9","BARABANKI","192","10472","8652","2022-02-11T08:38:02.177"
"UTTAR PRADESH","9","BAREILLY","166","9911","9671","2022-02-11T08:38:02.177"
"UTTAR PRADESH","9","BASTI","201","1691","4063","2022-02-11T08:38:02.177"
"UTTAR PRADESH","9","BHADOHI","214","6334","9452","2022-02-11T08:38:02.177"
"UTTAR PRADESH","9","BIJNOR","149","2309","2759","2022-02-11T08:38:02.177"
"UTTAR PRADESH","9","BUDAUN","165","1427","2223","2022-02-11T08:38:02.177"
"UTTAR PRADESH","9","BULANDSHAHAR","157","4598","5753","2022-02-11T08:38:02.177"
"UTTAR PRADESH","9","CHANDAULI","212","3244","3960","2022-02-11T08:38:02.177"
"UTTAR PRADESH","9","CHITRAKOOT","187","3554","818","2022-02-11T08:38:02.177"
"UTTAR PRADESH","9","DEORIA","206","2368","3969","2022-02-11T08:38:02.177"
"UTTAR PRADESH","9","ETAH","163","1622","1644","2022-02-11T08:38:02.177"
"UTTAR PRADESH","9","ETAWAH","177","4080","5482","2022-02-11T08:38:02.177"
"UTTAR PRADESH","9","FAIZABAD","193","1941","2492","2022-02-11T08:38:02.177"
"UTTAR PRADESH","9","FARRUKHABAD","175","2111","2321","2022-02-11T08:38:02.177"
"UTTAR PRADESH","9","FATEHPUR","188","3068","2799","2022-02-11T08:38:02.177"
"UTTAR PRADESH","9","FIROZABAD","162","5970","3908","2022-02-11T08:38:02.177"
"UTTAR PRADESH","9","GAUTAM BUDDHA NAGAR","156","17808","22253","2022-02-11T08:38:02.177"
"UTTAR PRADESH","9","GHAZIABAD","155","19225","21589","2022-02-11T08:38:02.177"
"UTTAR PRADESH","9","GHAZIPUR","211","4806","14762","2022-02-11T08:38:02.177"
"UTTAR PRADESH","9","GONDA","199","4230","9730","2022-02-11T08:38:02.177"
"UTTAR PRADESH","9","GORAKHAPUR","204","4840","8773","2022-02-11T08:38:02.177"
"UTTAR PRADESH","9","HAMIRPUR","184","778","1847","2022-02-11T08:38:02.177"
"UTTAR PRADESH","9","HAPUR","697","3059","2165","2022-02-11T08:38:02.177"
"UTTAR PRADESH","9","HARDOI","171","1965","2394","2022-02-11T08:38:02.177"
"UTTAR PRADESH","9","HATHRAS","159","9279","6278","2022-02-11T08:38:02.177"
"UTTAR PRADESH","9","JALAUN","181","1034","1925","2022-02-11T08:38:02.177"
"UTTAR PRADESH","9","JAUNPUR","210","13563","29759","2022-02-11T08:38:02.177"
"UTTAR PRADESH","9","JHANSI","182","3109","6916","2022-02-11T08:38:02.177"
"UTTAR PRADESH","9","KANNAUJ","176","1928","3095","2022-02-11T08:38:02.177"
"UTTAR PRADESH","9","KANPUR DEHAT","634","1502","3474","2022-02-11T08:38:02.177"
"UTTAR PRADESH","9","KANPUR NAGAR","179","21296","18045","2022-02-11T08:38:02.177"
"UTTAR PRADESH","9","KASGANJ","637","1375","939","2022-02-11T08:38:02.177"
"UTTAR PRADESH","9","KAUSHAMBI","190","733","1027","2022-02-11T08:38:02.177"
"UTTAR PRADESH","9","KUSHINAGAR","205","1738","3484","2022-02-11T08:38:02.177"
"UTTAR PRADESH","9","LAKHIMPUR KHERI","169","2235","4629","2022-02-11T08:38:02.177"
"UTTAR PRADESH","9","LALITPUR","183","1413","2235","2022-02-11T08:38:02.177"
"UTTAR PRADESH","9","LUCKNOW","173","13815","32902","2022-02-11T08:38:02.177"
"UTTAR PRADESH","9","MAHARAJGANJ","203","2734","9391","2022-02-11T08:38:02.177"
"UTTAR PRADESH","9","MAHOBA","185","505","598","2022-02-11T08:38:02.177"
"UTTAR PRADESH","9","MAINPURI","164","1711","5897","2022-02-11T08:38:02.177"
"UTTAR PRADESH","9","MATHURA","160","19474","15281","2022-02-11T08:38:02.177"
"UTTAR PRADESH","9","MAU","208","1961","3883","2022-02-11T08:38:02.177"
"UTTAR PRADESH","9","MEERUT","153","21635","14353","2022-02-11T08:38:02.177"
"UTTAR PRADESH","9","MIRZAPUR","215","13270","14473","2022-02-11T08:38:02.177"
"UTTAR PRADESH","9","MORADABAD","150","13630","8851","2022-02-11T08:38:02.177"
"UTTAR PRADESH","9","MUZAFFARNAGAR","148","5320","3961","2022-02-11T08:38:02.177"
"UTTAR PRADESH","9","PILIBHIT","167","1588","1592","2022-02-11T08:38:02.177"
"UTTAR PRADESH","9","PRATAPGARH","189","2250","7761","2022-02-11T08:38:02.177"
"UTTAR PRADESH","9","PRAYAGRAJ","191","25529","28653","2022-02-11T08:38:02.177"
"UTTAR PRADESH","9","RAE BARELI","174","1640","3216","2022-02-11T08:38:02.177"
"UTTAR PRADESH","9","RAMPUR","151","4205","2671","2022-02-11T08:38:02.177"
"UTTAR PRADESH","9","SAHARANPUR","147","8311","6073","2022-02-11T08:38:02.177"
"UTTAR PRADESH","9","SAMBHAL","633","1625","1143","2022-02-11T08:38:02.177"
"UTTAR PRADESH","9","SANT KABEER NAGAR","202","2540","3798","2022-02-11T08:38:02.177"
"UTTAR PRADESH","9","SHAHJAHANPUR","168","1423","1827","2022-02-11T08:38:02.177"
"UTTAR PRADESH","9","SHAMLI","180","1874","2219","2022-02-11T08:38:02.177"
"UTTAR PRADESH","9","SHRAVASTI","197","413","930","2022-02-11T08:38:02.177"
"UTTAR PRADESH","9","SIDDHARTHNAGAR","200","3654","6381","2022-02-11T08:38:02.177"
"UTTAR PRADESH","9","SITAPUR","170","3223","5816","2022-02-11T08:38:02.177"
"UTTAR PRADESH","9","SONBHADRA","216","12542","12530","2022-02-11T08:38:02.177"
"UTTAR PRADESH","9","SULTANPUR","195","2053","3758","2022-02-11T08:38:02.177"
"UTTAR PRADESH","9","UNNAO","172","2404","3600","2022-02-11T08:38:02.177"
"UTTAR PRADESH","9","VARANASI","213","14477","16077","2022-02-11T08:38:02.177"
"UTTARAKHAND","5","ALMORA","83","403","832","2022-02-11T08:38:07.430"
"UTTARAKHAND","5","BAGESHWAR","82","410","426","2022-02-11T08:38:07.430"
"UTTARAKHAND","5","CHAMOLI","76","379","360","2022-02-11T08:38:07.430"
"UTTARAKHAND","5","CHAMPAWAT","84","352","449","2022-02-11T08:38:07.430"
"UTTARAKHAND","5","DEHRADUN","79","3736","8867","2022-02-11T08:38:07.430"
"UTTARAKHAND","5","HARIDWAR","87","4606","4274","2022-02-11T08:38:07.430"
"UTTARAKHAND","5","NAINITAL","85","1350","2402","2022-02-11T08:38:07.430"
"UTTARAKHAND","5","PAURI GARHWAL","80","3169","1785","2022-02-11T08:38:07.430"
"UTTARAKHAND","5","PITHORAGARH","81","534","527","2022-02-11T08:38:07.430"
"UTTARAKHAND","5","RUDRA PRAYAG","77","274","466","2022-02-11T08:38:07.430"
"UTTARAKHAND","5","TEHRI GARHWAL","78","522","877","2022-02-11T08:38:07.430"
"UTTARAKHAND","5","UDHAM SINGH NAGAR","86","4837","4909","2022-02-11T08:38:07.430"
"UTTARAKHAND","5","UTTARKASHI","75","328","786","2022-02-11T08:38:07.430"
"WEST BENGAL","19","ALIPURDUAR","638","5130","2616","2022-02-11T08:38:07.867"
"WEST BENGAL","19","BANKURA","342","2632","3133","2022-02-11T08:38:07.867"
"WEST BENGAL","19","BIRBHUM","337","4742","11628","2022-02-11T08:38:07.867"
"WEST BENGAL","19","COOCHBEHAR","332","3790","4356","2022-02-11T08:38:07.867"
"WEST BENGAL","19","DAKSHIN DINAJPUR","334","4319","3955","2022-02-11T08:38:07.867"
"WEST BENGAL","19","DARJEELING","330","1437","3386","2022-02-11T08:38:07.867"
"WEST BENGAL","19","EAST MEDINIPUR","344","3537","3332","2022-02-11T08:38:07.867"
"WEST BENGAL","19","HOOGHLY","341","5748","5994","2022-02-11T08:38:07.867"
"WEST BENGAL","19","HOWRAH","345","11188","6734","2022-02-11T08:38:07.867"
"WEST BENGAL","19","JALPAIGURI","331","1821","2970","2022-02-11T08:38:07.867"
"WEST BENGAL","19","Jhargram","732","105","162","2022-02-11T08:38:07.867"
"WEST BENGAL","19","KALIMPONG","733","40","141","2022-02-11T08:38:07.867"
"WEST BENGAL","19","KOLKOTA","346","17602","23632","2022-02-11T08:38:07.867"
"WEST BENGAL","19","MALDA","335","4192","3567","2022-02-11T08:38:07.867"
"WEST BENGAL","19","MURSHIDABAD","336","3016","6939","2022-02-11T08:38:07.867"
"WEST BENGAL","19","NADIA","339","4322","4301","2022-02-11T08:38:07.867"
"WEST BENGAL","19","NORTH 24 PRAGANAS","340","16818","14473","2022-02-11T08:38:07.867"
"WEST BENGAL","19","PASCHIM BARDHAMAN","734","1588","2992","2022-02-11T08:38:07.867"
"WEST BENGAL","19","PURBA BARDHAMAN","338","6053","24045","2022-02-11T08:38:07.867"
"WEST BENGAL","19","PURULIA","343","2169","1451","2022-02-11T08:38:07.867"
"WEST BENGAL","19","SOUTH 24 PRAGANAS","347","18602","9350","2022-02-11T08:38:07.867"
"WEST BENGAL","19","UTTAR DINAJPUR","639","962","1952","2022-02-11T08:38:07.867"
"WEST BENGAL","19","WEST MEDINIPUR","333","4674","4051","2022-02-11T08:38:07.867"
"ANDAMAN AND NICOBAR ISLANDS","35","NIKOBARS","603","43","100","2022-02-11T08:38:09.410"
"ANDAMAN AND NICOBAR ISLANDS","35","NORTH AND MIDDLE ANDAMAN","698","268","455","2022-02-11T08:38:09.410"
"ANDAMAN AND NICOBAR ISLANDS","35","SOUTH ANDAMANS","602","1687","3876","2022-02-11T08:38:09.410"
"CHANDIGARH","4","CHANDIGARH","74","4084","8968","2022-02-11T08:38:09.630"
"DADAR AND NAGAR HAVELI","26","DADRA AND NAGAR HAVELLI","454","2566","2645","2022-02-11T08:38:09.880"
"DAMAN AND DIU","25","DAMAN","453","1921","1023","2022-02-11T08:38:10.067"
"DAMAN AND DIU","25","DIU","452","45","145","2022-02-11T08:38:10.067"
"DELHI","7","CENTRAL","112","6607","6519","2022-02-11T08:38:10.253"
"DELHI","7","EAST","110","10846","14810","2022-02-11T08:38:10.253"
"DELHI","7","NEW DELHI","111","7537","12322","2022-02-11T08:38:10.253"
"DELHI","7","NORTH","108","8397","6258","2022-02-11T08:38:10.253"
"DELHI","7","NORTH EAST","109","5883","6360","2022-02-11T08:38:10.253"
"DELHI","7","NORTH WEST","107","18944","17018","2022-02-11T08:38:10.253"
"DELHI","7","SHAHDARA","626","1891","1260","2022-02-11T08:38:10.253"
"DELHI","7","SOUTH ","115","9040","20121","2022-02-11T08:38:10.253"
"DELHI","7","SOUTH EAST","627","1531","3172","2022-02-11T08:38:10.253"
"DELHI","7","SOUTH WEST","114","6944","14359","2022-02-11T08:38:10.253"
"DELHI","7","WEST","113","13236","15616","2022-02-11T08:38:10.253"
"JAMMU AND KASHMIR","1","ANANTNAG","36","115","258","2022-02-11T08:38:11.583"
"JAMMU AND KASHMIR","1","BADGAM","34","135","774","2022-02-11T08:38:11.583"
"JAMMU AND KASHMIR","1","BANDIPORA","604","25","77","2022-02-11T08:38:11.583"
"JAMMU AND KASHMIR","1","BARAMULLA","32","135","660","2022-02-11T08:38:11.583"
"JAMMU AND KASHMIR","1","DODA","39","21","64","2022-02-11T08:38:11.583"
"JAMMU AND KASHMIR","1","GANDERBAL","605","88","128","2022-02-11T08:38:11.583"
"JAMMU AND KASHMIR","1","JAMMU","43","1330","2173","2022-02-11T08:38:11.583"
"JAMMU AND KASHMIR","1","KARGIL","38","23","23","2022-02-11T08:38:11.583"
"JAMMU AND KASHMIR","1","KATHUA","44","259","302","2022-02-11T08:38:11.583"
"JAMMU AND KASHMIR","1","KISHTWAR","606","25","97","2022-02-11T08:38:11.583"
"JAMMU AND KASHMIR","1","KULGAM","607","15","81","2022-02-11T08:38:11.583"
"JAMMU AND KASHMIR","1","KUPWARA","31","20","62","2022-02-11T08:38:11.583"
"JAMMU AND KASHMIR","1","LEH LADAKH","37","35","58","2022-02-11T08:38:11.583"
"JAMMU AND KASHMIR","1","POONCH","41","61","774","2022-02-11T08:38:11.583"
"JAMMU AND KASHMIR","1","PULWAMA","35","85","135","2022-02-11T08:38:11.583"
"JAMMU AND KASHMIR","1","RAJAURI","42","68","285","2022-02-11T08:38:11.583"
"JAMMU AND KASHMIR","1","RAMBAN","608","26","50","2022-02-11T08:38:11.583"
"JAMMU AND KASHMIR","1","REASI","609","19","95","2022-02-11T08:38:11.583"
"JAMMU AND KASHMIR","1","SAMBA","610","399","133","2022-02-11T08:38:11.583"
"JAMMU AND KASHMIR","1","SHOPIAN","611","16","48","2022-02-11T08:38:11.583"
"JAMMU AND KASHMIR","1","SRINAGAR","33","658","1181","2022-02-11T08:38:11.583"
"JAMMU AND KASHMIR","1","UDHAMPUR","40","110","133","2022-02-11T08:38:11.583"
"LADAKH","37","KARGIL","750","38","32","2022-02-11T08:38:11.880"
"LADAKH","37","LEH LADAKH","751","33","35","2022-02-11T08:38:11.880"
"LAKSHADWEEP","31","LAKSHADWEEP DISTRICT","553","58","54","2022-02-11T08:38:12.037"
"PUDUCHERRY","34","KARAIKAL","601","417","678","2022-02-11T08:38:12.193"
"PUDUCHERRY","34","MAHE","600","25","26","2022-02-11T08:38:12.193"
"PUDUCHERRY","34","PONDICHERRY","599","4348","6042","2022-02-11T08:38:12.193"
"PUDUCHERRY","34","YANAM","598","48","20","2022-02-11T08:38:12.193"
